"GUMERCINDO ROMANINI";"PTB";"4664";"29.89";"ADAMANTINA"
"SERGIO GABRIEL SEIXAS";"PMDB";"3191";"20.45";"ADAMANTINA"
"ANTONIO ADAHIL DUARTE CYRINO";"PMDB";"1648";"10.56";"ADAMANTINA"
"FERNANDO CHAGAS FRAGA";"PDS";"1646";"10.55";"ADAMANTINA"
"BONIFACIO ROSSILIO FILHO";"PDS";"1378";"8.83";"ADAMANTINA"
"SIZINO MARTINS VIEIRA";"PMDB";"852";"5.46";"ADAMANTINA"
"SEBASTIAO DE ALMEIDA";"PDS";"398";"2.55";"ADAMANTINA"
"OCTAVIO ROMANINI";"PT";"292";"1.87";"ADAMANTINA"
"GUMERCINDO ROMANINI";"PTB";"4664";"29.89";"ADAMANTINA"
"SERGIO GABRIEL SEIXAS";"PMDB";"3191";"20.45";"ADAMANTINA"
"ANTONIO ADAHIL DUARTE CYRINO";"PMDB";"1648";"10.56";"ADAMANTINA"
"FERNANDO CHAGAS FRAGA";"PDS";"1646";"10.55";"ADAMANTINA"
"BONIFACIO ROSSILIO FILHO";"PDS";"1378";"8.83";"ADAMANTINA"
"SIZINO MARTINS VIEIRA";"PMDB";"852";"5.46";"ADAMANTINA"
"SEBASTIAO DE ALMEIDA";"PDS";"398";"2.55";"ADAMANTINA"
"OCTAVIO ROMANINI";"PT";"292";"1.87";"ADAMANTINA"
"ARCENDINO STUCHI";"PMDB";"589";"38.8";"ADOLFO"
"ENOS VIRGINIO DOS SANTOS";"PDS";"305";"20.09";"ADOLFO"
"JANDYR ALVES PENTEADO";"PDS";"280";"18.45";"ADOLFO"
"GAVINO CHESSA";"PMDB";"198";"13.04";"ADOLFO"
"OLIVIO MIOLI";"PMDB";"42";"2.77";"ADOLFO"
"ARCENDINO STUCHI";"PMDB";"589";"38.8";"ADOLFO"
"ENOS VIRGINIO DOS SANTOS";"PDS";"305";"20.09";"ADOLFO"
"JANDYR ALVES PENTEADO";"PDS";"280";"18.45";"ADOLFO"
"GAVINO CHESSA";"PMDB";"198";"13.04";"ADOLFO"
"OLIVIO MIOLI";"PMDB";"42";"2.77";"ADOLFO"
"SEBASTIAO BIAZZO";"PMDB";"2657";"34.98";"AGUAI"
"RAMIRO DEFENDE";"PDS";"1639";"21.58";"AGUAI"
"BENEDITO APARECIDO SORG RABELO";"PDS";"1009";"13.28";"AGUAI"
"ALAIR JOSE FERNANDES";"PMDB";"1006";"13.24";"AGUAI"
"JOSE MONTEAGUDO BARREIRA";"PT";"363";"4.78";"AGUAI"
"EXPEDITO CANDIDO FERREIRA";"PDS";"159";"2.09";"AGUAI"
"SEBASTIAO BIAZZO";"PMDB";"2657";"34.98";"AGUAI"
"RAMIRO DEFENDE";"PDS";"1639";"21.58";"AGUAI"
"BENEDITO APARECIDO SORG RABELO";"PDS";"1009";"13.28";"AGUAI"
"ALAIR JOSE FERNANDES";"PMDB";"1006";"13.24";"AGUAI"
"JOSE MONTEAGUDO BARREIRA";"PT";"363";"4.78";"AGUAI"
"EXPEDITO CANDIDO FERREIRA";"PDS";"159";"2.09";"AGUAI"
"EDJALMA DE LIMA VALA";"PMDB";"1134";"35.21";"AGUAS DA PRATA"
"JOSUE GRESPAN";"PMDB";"477";"14.81";"AGUAS DA PRATA"
"PAULO ROBERTO DEZENA";"PDS";"466";"14.47";"AGUAS DA PRATA"
"MANOEL DA SILVA FERREIRA";"PDS";"352";"10.93";"AGUAS DA PRATA"
"MANOEL CLINEU DE ANDRADE JUNQUEIRA";"PDS";"257";"7.98";"AGUAS DA PRATA"
"JOAO DIRCEU BENEVIDES DE CARVALHO";"PMDB";"243";"7.54";"AGUAS DA PRATA"
"EDJALMA DE LIMA VALA";"PMDB";"1134";"35.21";"AGUAS DA PRATA"
"JOSUE GRESPAN";"PMDB";"477";"14.81";"AGUAS DA PRATA"
"PAULO ROBERTO DEZENA";"PDS";"466";"14.47";"AGUAS DA PRATA"
"MANOEL DA SILVA FERREIRA";"PDS";"352";"10.93";"AGUAS DA PRATA"
"MANOEL CLINEU DE ANDRADE JUNQUEIRA";"PDS";"257";"7.98";"AGUAS DA PRATA"
"JOAO DIRCEU BENEVIDES DE CARVALHO";"PMDB";"243";"7.54";"AGUAS DA PRATA"
"MARTINHO ANTONIO MARIANO";"PMDB";"1441";"30.75";"AGUAS DE LINDOIA"
"JOSE IVAN GODOY TORTELLI";"PDS";"1037";"22.13";"AGUAS DE LINDOIA"
"JOSE APARECIDO RAIMUNDO DE ALMEIDA";"PDS";"792";"16.9";"AGUAS DE LINDOIA"
"JOSE UBERTO RODRIGUES";"PMDB";"625";"13.34";"AGUAS DE LINDOIA"
"SEBASTIAO BERNARDINO FILHO";"PDS";"248";"5.29";"AGUAS DE LINDOIA"
"JOSE MARIO DIZERO RENZO";"PMDB";"201";"4.29";"AGUAS DE LINDOIA"
"MARTINHO ANTONIO MARIANO";"PMDB";"1441";"30.75";"AGUAS DE LINDOIA"
"JOSE IVAN GODOY TORTELLI";"PDS";"1037";"22.13";"AGUAS DE LINDOIA"
"JOSE APARECIDO RAIMUNDO DE ALMEIDA";"PDS";"792";"16.9";"AGUAS DE LINDOIA"
"JOSE UBERTO RODRIGUES";"PMDB";"625";"13.34";"AGUAS DE LINDOIA"
"SEBASTIAO BERNARDINO FILHO";"PDS";"248";"5.29";"AGUAS DE LINDOIA"
"JOSE MARIO DIZERO RENZO";"PMDB";"201";"4.29";"AGUAS DE LINDOIA"
"PAULO APARECIDO SILVERIO";"PDS";"1024";"46.61";"AGUAS DE SANTA BARBARA"
"JOSE MARIANO DA SILVA";"PMDB";"979";"44.56";"AGUAS DE SANTA BARBARA"
"ARISTIDES GARCIA";"PMDB";"106";"4.82";"AGUAS DE SANTA BARBARA"
"PAULO APARECIDO SILVERIO";"PDS";"1024";"46.61";"AGUAS DE SANTA BARBARA"
"JOSE MARIANO DA SILVA";"PMDB";"979";"44.56";"AGUAS DE SANTA BARBARA"
"ARISTIDES GARCIA";"PMDB";"106";"4.82";"AGUAS DE SANTA BARBARA"
"LEONARDO BELMIRO";"PDS";"377";"30.26";"AGUAS DE SAO PEDRO"
"SEBASTIAO ARA";"PDS";"298";"23.92";"AGUAS DE SAO PEDRO"
"LOURENCO SANTOS NETO";"PMDB";"293";"23.52";"AGUAS DE SAO PEDRO"
"BENEDITO ANTONIO ITIPAO";"PMDB";"114";"9.15";"AGUAS DE SAO PEDRO"
"THOMAZ AQUINO MACIEL NETO";"PMDB";"65";"5.22";"AGUAS DE SAO PEDRO"
"LEONARDO BELMIRO";"PDS";"377";"30.26";"AGUAS DE SAO PEDRO"
"SEBASTIAO ARA";"PDS";"298";"23.92";"AGUAS DE SAO PEDRO"
"LOURENCO SANTOS NETO";"PMDB";"293";"23.52";"AGUAS DE SAO PEDRO"
"BENEDITO ANTONIO ITIPAO";"PMDB";"114";"9.15";"AGUAS DE SAO PEDRO"
"THOMAZ AQUINO MACIEL NETO";"PMDB";"65";"5.22";"AGUAS DE SAO PEDRO"
"RUBENS APARECIDO BENAZZIO";"PTB";"3762";"34.99";"AGUDOS"
"ANTONIO CONDI";"PDS";"2023";"18.82";"AGUDOS"
"ANTONIO FERNANDO DAMANTE";"PDS";"1943";"18.07";"AGUDOS"
"LUIZ VALDEMIR TENDOLO";"PMDB";"804";"7.48";"AGUDOS"
"JOSE IGNACIO FERREIRA";"PTB";"584";"5.43";"AGUDOS"
"MARIA DE LURDES ALVES";"PT";"233";"2.17";"AGUDOS"
"HAMAD MITRI ANTONIOS SALEH";"PDS";"41";"0.38";"AGUDOS"
"RUBENS APARECIDO BENAZZIO";"PTB";"3762";"34.99";"AGUDOS"
"ANTONIO CONDI";"PDS";"2023";"18.82";"AGUDOS"
"ANTONIO FERNANDO DAMANTE";"PDS";"1943";"18.07";"AGUDOS"
"LUIZ VALDEMIR TENDOLO";"PMDB";"804";"7.48";"AGUDOS"
"JOSE IGNACIO FERREIRA";"PTB";"584";"5.43";"AGUDOS"
"MARIA DE LURDES ALVES";"PT";"233";"2.17";"AGUDOS"
"HAMAD MITRI ANTONIOS SALEH";"PDS";"41";"0.38";"AGUDOS"
"LUIZ ANTONIO ZAMPIERI";"PMDB";"1324";"48.86";"ALFREDO MARCONDES"
"JOSE SOARES DE OLIVEIRA";"PDS";"646";"23.84";"ALFREDO MARCONDES"
"GILTON HUMBERTO MORGAN AGUIAR";"PMDB";"493";"18.19";"ALFREDO MARCONDES"
"LUIZ ANTONIO ZAMPIERI";"PMDB";"1324";"48.86";"ALFREDO MARCONDES"
"JOSE SOARES DE OLIVEIRA";"PDS";"646";"23.84";"ALFREDO MARCONDES"
"GILTON HUMBERTO MORGAN AGUIAR";"PMDB";"493";"18.19";"ALFREDO MARCONDES"
"RUY RODRIGUES DE CASTRO";"PDS";"596";"47.95";"ALTAIR"
"NOBORU UEHARA";"PDS";"371";"29.85";"ALTAIR"
"URBANO FERREIRA DA SILVA";"PMDB";"136";"10.94";"ALTAIR"
"HICHEL AYDAR";"PMDB";"41";"3.3";"ALTAIR"
"RUY RODRIGUES DE CASTRO";"PDS";"596";"47.95";"ALTAIR"
"NOBORU UEHARA";"PDS";"371";"29.85";"ALTAIR"
"URBANO FERREIRA DA SILVA";"PMDB";"136";"10.94";"ALTAIR"
"HICHEL AYDAR";"PMDB";"41";"3.3";"ALTAIR"
"CELSO VICENTINI ZUCCOLOTTO";"PDS";"3060";"46.55";"ALTINOPOLIS"
"JOSE FRAGA PEREIRA DA SILVA";"PMDB";"1920";"29.21";"ALTINOPOLIS"
"IUSSEF MIGUEL IUN";"PMDB";"1084";"16.49";"ALTINOPOLIS"
"CELSO VICENTINI ZUCCOLOTTO";"PDS";"3060";"46.55";"ALTINOPOLIS"
"JOSE FRAGA PEREIRA DA SILVA";"PMDB";"1920";"29.21";"ALTINOPOLIS"
"IUSSEF MIGUEL IUN";"PMDB";"1084";"16.49";"ALTINOPOLIS"
"NELSON JESUS FERLIM";"PDS";"1088";"38.94";"ALTO ALEGRE"
"SUSSUMI IVAMA";"PMDB";"763";"27.31";"ALTO ALEGRE"
"PAULO ZAMBROZI";"PMDB";"554";"19.83";"ALTO ALEGRE"
"AFONSO DOS SANTOS VICENTINO FILHO";"PDS";"141";"5.05";"ALTO ALEGRE"
"DEVANIR RICIERI NARDO";"PDS";"100";"3.58";"ALTO ALEGRE"
"NELSON JESUS FERLIM";"PDS";"1088";"38.94";"ALTO ALEGRE"
"SUSSUMI IVAMA";"PMDB";"763";"27.31";"ALTO ALEGRE"
"PAULO ZAMBROZI";"PMDB";"554";"19.83";"ALTO ALEGRE"
"AFONSO DOS SANTOS VICENTINO FILHO";"PDS";"141";"5.05";"ALTO ALEGRE"
"DEVANIR RICIERI NARDO";"PDS";"100";"3.58";"ALTO ALEGRE"
"GENESIO PICOLO";"PMDB";"1670";"55.06";"ALVARES FLORENCE"
"JOAQUIM WAIDEMAN";"PDS";"1131";"37.29";"ALVARES FLORENCE"
"GENESIO PICOLO";"PMDB";"1670";"55.06";"ALVARES FLORENCE"
"JOAQUIM WAIDEMAN";"PDS";"1131";"37.29";"ALVARES FLORENCE"
"ANTONIO CASTILHO CERVANTES";"PMDB";"1916";"31.13";"ALVARES MACHADO"
"ELMO HENRIQUE GONCALVES MARTINS";"PDS";"1675";"27.22";"ALVARES MACHADO"
"DIRCEU MORAES";"PMDB";"1095";"17.79";"ALVARES MACHADO"
"JOSE DE ANDRADE TEIXEIRA";"PDS";"677";"11";"ALVARES MACHADO"
"KIOCHI TATIZAWA";"PMDB";"343";"5.57";"ALVARES MACHADO"
"JOSE CARLOS DO NASCIMENTO";"PT";"66";"1.07";"ALVARES MACHADO"
"ANTONIO CASTILHO CERVANTES";"PMDB";"1916";"31.13";"ALVARES MACHADO"
"ELMO HENRIQUE GONCALVES MARTINS";"PDS";"1675";"27.22";"ALVARES MACHADO"
"DIRCEU MORAES";"PMDB";"1095";"17.79";"ALVARES MACHADO"
"JOSE DE ANDRADE TEIXEIRA";"PDS";"677";"11";"ALVARES MACHADO"
"KIOCHI TATIZAWA";"PMDB";"343";"5.57";"ALVARES MACHADO"
"JOSE CARLOS DO NASCIMENTO";"PT";"66";"1.07";"ALVARES MACHADO"
"JOSE MENDES FILHO";"PDS";"571";"44.13";"ALVARO DE CARVALHO"
"JOAO RAMIRES PALHANO";"PTB";"263";"20.32";"ALVARO DE CARVALHO"
"JOSE BISPO VARJAO";"PDS";"180";"13.91";"ALVARO DE CARVALHO"
"ELIAS DE OLIVEIRA";"PMDB";"173";"13.37";"ALVARO DE CARVALHO"
"JOSE MENDES FILHO";"PDS";"571";"44.13";"ALVARO DE CARVALHO"
"JOAO RAMIRES PALHANO";"PTB";"263";"20.32";"ALVARO DE CARVALHO"
"JOSE BISPO VARJAO";"PDS";"180";"13.91";"ALVARO DE CARVALHO"
"ELIAS DE OLIVEIRA";"PMDB";"173";"13.37";"ALVARO DE CARVALHO"
"ALVINO DIAS";"PDS";"544";"43.94";"ALVINLANDIA"
"ARNALDINO THEODORO DE LIMA";"PDS";"465";"37.56";"ALVINLANDIA"
"JOSE RONDIVAL GUARIDO";"PMDB";"109";"8.8";"ALVINLANDIA"
"WALMIR MAGALHAES";"PTB";"44";"3.55";"ALVINLANDIA"
"ALVINO DIAS";"PDS";"544";"43.94";"ALVINLANDIA"
"ARNALDINO THEODORO DE LIMA";"PDS";"465";"37.56";"ALVINLANDIA"
"JOSE RONDIVAL GUARIDO";"PMDB";"109";"8.8";"ALVINLANDIA"
"WALMIR MAGALHAES";"PTB";"44";"3.55";"ALVINLANDIA"
"ABDUL HADDI OMAR NAJJAR";"PDS";"17478";"26.24";"AMERICANA"
"CARROL MENEGHEL";"PMDB";"11622";"17.45";"AMERICANA"
"FREDERICO POLO MULLER";"PMDB";"9295";"13.96";"AMERICANA"
"MARCO ANTONIO BIASI";"PMDB";"7589";"11.39";"AMERICANA"
"RAUL LEME BRISOLLA JUNIOR";"PT";"4875";"7.32";"AMERICANA"
"WILSON CAMARGO";"PT";"1764";"2.65";"AMERICANA"
"JAVERT GALASSI";"PT";"1598";"2.4";"AMERICANA"
"JOAO BATISTA BARBOSA";"PTB";"1589";"2.39";"AMERICANA"
"LUIZ EUCLIDES ROVINA";"PDS";"1026";"1.54";"AMERICANA"
"JAIRO DE AZEVEDO";"PTB";"1005";"1.51";"AMERICANA"
"GERALDO PINHANELLI";"PDS";"746";"1.12";"AMERICANA"
"ROBERTO DOLLO";"PDS";"731";"1.1";"AMERICANA"
"RUBENS ZAORAL";"PDT";"274";"0.41";"AMERICANA"
"ABDUL HADDI OMAR NAJJAR";"PDS";"17478";"26.24";"AMERICANA"
"CARROL MENEGHEL";"PMDB";"11622";"17.45";"AMERICANA"
"FREDERICO POLO MULLER";"PMDB";"9295";"13.96";"AMERICANA"
"MARCO ANTONIO BIASI";"PMDB";"7589";"11.39";"AMERICANA"
"RAUL LEME BRISOLLA JUNIOR";"PT";"4875";"7.32";"AMERICANA"
"WILSON CAMARGO";"PT";"1764";"2.65";"AMERICANA"
"JAVERT GALASSI";"PT";"1598";"2.4";"AMERICANA"
"JOAO BATISTA BARBOSA";"PTB";"1589";"2.39";"AMERICANA"
"LUIZ EUCLIDES ROVINA";"PDS";"1026";"1.54";"AMERICANA"
"JAIRO DE AZEVEDO";"PTB";"1005";"1.51";"AMERICANA"
"GERALDO PINHANELLI";"PDS";"746";"1.12";"AMERICANA"
"ROBERTO DOLLO";"PDS";"731";"1.1";"AMERICANA"
"RUBENS ZAORAL";"PDT";"274";"0.41";"AMERICANA"
"OCTAVIO DOTOLI";"PDS";"2630";"45.78";"AMERICO BRASILIENSE"
"TERCIO DELLA ROVERE";"PMDB";"2452";"42.68";"AMERICO BRASILIENSE"
"OCTAVIO DOTOLI";"PDS";"2630";"45.78";"AMERICO BRASILIENSE"
"TERCIO DELLA ROVERE";"PMDB";"2452";"42.68";"AMERICO BRASILIENSE"
"ESTEVAO ELIAS DAVID";"PMDB";"1804";"47.94";"AMERICO DE CAMPOS"
"MOACIR BRAGA";"PDS";"935";"24.85";"AMERICO DE CAMPOS"
"JOAO VENCESLAU DOS SANTOS";"PDS";"515";"13.69";"AMERICO DE CAMPOS"
"DAVID FERNANDES DA SILVA";"PMDB";"177";"4.7";"AMERICO DE CAMPOS"
"DEJAIR SECATO";"PDS";"147";"3.91";"AMERICO DE CAMPOS"
"ESTEVAO ELIAS DAVID";"PMDB";"1804";"47.94";"AMERICO DE CAMPOS"
"MOACIR BRAGA";"PDS";"935";"24.85";"AMERICO DE CAMPOS"
"JOAO VENCESLAU DOS SANTOS";"PDS";"515";"13.69";"AMERICO DE CAMPOS"
"DAVID FERNANDES DA SILVA";"PMDB";"177";"4.7";"AMERICO DE CAMPOS"
"DEJAIR SECATO";"PDS";"147";"3.91";"AMERICO DE CAMPOS"
"CARLOS PIFFER";"PDS";"7117";"36.72";"AMPARO"
"JOSE CARLOS DE OLIVEIRA";"PMDB";"6334";"32.68";"AMPARO"
"LAZARO JOSE DOMINGUES";"PTB";"2009";"10.37";"AMPARO"
"JOSE ANTONIO ROSSI";"PMDB";"1586";"8.18";"AMPARO"
"PAULO FRANCISCO BARBOSA";"PMDB";"251";"1.3";"AMPARO"
"RUBENS CELSO ROSASCO";"PDS";"183";"0.94";"AMPARO"
"EDMUNDO KIRMAYR";"PDS";"102";"0.53";"AMPARO"
"CARLOS PIFFER";"PDS";"7117";"36.72";"AMPARO"
"JOSE CARLOS DE OLIVEIRA";"PMDB";"6334";"32.68";"AMPARO"
"LAZARO JOSE DOMINGUES";"PTB";"2009";"10.37";"AMPARO"
"JOSE ANTONIO ROSSI";"PMDB";"1586";"8.18";"AMPARO"
"PAULO FRANCISCO BARBOSA";"PMDB";"251";"1.3";"AMPARO"
"RUBENS CELSO ROSASCO";"PDS";"183";"0.94";"AMPARO"
"EDMUNDO KIRMAYR";"PDS";"102";"0.53";"AMPARO"
"ANTONIA SODELLI GRABER";"PDS";"546";"46.27";"ANALANDIA"
"JOAO SEBASTIAO BERTOLETTI";"PDS";"429";"36.36";"ANALANDIA"
"JOSE ANGELO DE MATTOS";"PMDB";"90";"7.63";"ANALANDIA"
"IRINEU CAMARGO";"PMDB";"61";"5.17";"ANALANDIA"
"ANTONIA SODELLI GRABER";"PDS";"546";"46.27";"ANALANDIA"
"JOAO SEBASTIAO BERTOLETTI";"PDS";"429";"36.36";"ANALANDIA"
"JOSE ANGELO DE MATTOS";"PMDB";"90";"7.63";"ANALANDIA"
"IRINEU CAMARGO";"PMDB";"61";"5.17";"ANALANDIA"
"JOAO CARLOS CARREIRA";"PMDB";"9133";"39.46";"ANDRADINA"
"ROBERTO MIGUEL CURY";"PDS";"4080";"17.63";"ANDRADINA"
"PEDRO AYRES DE SOUZA";"PMDB";"2716";"11.73";"ANDRADINA"
"ANTONIO FRANCISCO FONZAR";"PDS";"1909";"8.25";"ANDRADINA"
"OSMAR SILVEIRA";"PDS";"1040";"4.49";"ANDRADINA"
"YNACIO AKIRA HIRATA";"PTB";"783";"3.38";"ANDRADINA"
"OSVALDO GASPARELLI";"PTB";"648";"2.8";"ANDRADINA"
"JOAO BORTOLANZA";"PT";"634";"2.74";"ANDRADINA"
"ARNALDO SILVA LEAO";"PTB";"506";"2.19";"ANDRADINA"
"JOAO CARLOS CARREIRA";"PMDB";"9133";"39.46";"ANDRADINA"
"ROBERTO MIGUEL CURY";"PDS";"4080";"17.63";"ANDRADINA"
"PEDRO AYRES DE SOUZA";"PMDB";"2716";"11.73";"ANDRADINA"
"ANTONIO FRANCISCO FONZAR";"PDS";"1909";"8.25";"ANDRADINA"
"OSMAR SILVEIRA";"PDS";"1040";"4.49";"ANDRADINA"
"YNACIO AKIRA HIRATA";"PTB";"783";"3.38";"ANDRADINA"
"OSVALDO GASPARELLI";"PTB";"648";"2.8";"ANDRADINA"
"JOAO BORTOLANZA";"PT";"634";"2.74";"ANDRADINA"
"ARNALDO SILVA LEAO";"PTB";"506";"2.19";"ANDRADINA"
"JOSE EMILIO CARLOS LISBOA";"PMDB";"3451";"48.11";"ANGATUBA"
"ENIL BORIS DE MORAIS FERREIRA";"PMDB";"1712";"23.87";"ANGATUBA"
"PAULO DE ALMEIDA LEME";"PMDB";"620";"8.64";"ANGATUBA"
"RUBENS VIEIRA DE MORAIS";"PDS";"540";"7.53";"ANGATUBA"
"BENEDITO HENRIQUE HERGESSEL";"PTB";"122";"1.7";"ANGATUBA"
"ALICE QUINTILIANO DE CAMARGO";"PDT";"35";"0.49";"ANGATUBA"
"JOSE EMILIO CARLOS LISBOA";"PMDB";"3451";"48.11";"ANGATUBA"
"ENIL BORIS DE MORAIS FERREIRA";"PMDB";"1712";"23.87";"ANGATUBA"
"PAULO DE ALMEIDA LEME";"PMDB";"620";"8.64";"ANGATUBA"
"RUBENS VIEIRA DE MORAIS";"PDS";"540";"7.53";"ANGATUBA"
"BENEDITO HENRIQUE HERGESSEL";"PTB";"122";"1.7";"ANGATUBA"
"ALICE QUINTILIANO DE CAMARGO";"PDT";"35";"0.49";"ANGATUBA"
"IRACY MARIO GUGLIEMO MEZZENA";"PDS";"707";"35.07";"ANHEMBI"
"ABRAO JACOB";"PDS";"386";"19.15";"ANHEMBI"
"PAULO JOSE CONCEICAO";"PMDB";"366";"18.15";"ANHEMBI"
"SERGIO FELIX DO PRADO";"PMDB";"293";"14.53";"ANHEMBI"
"BENEDITO DE QUADROS";"PDS";"103";"5.11";"ANHEMBI"
"IRACY MARIO GUGLIEMO MEZZENA";"PDS";"707";"35.07";"ANHEMBI"
"ABRAO JACOB";"PDS";"386";"19.15";"ANHEMBI"
"PAULO JOSE CONCEICAO";"PMDB";"366";"18.15";"ANHEMBI"
"SERGIO FELIX DO PRADO";"PMDB";"293";"14.53";"ANHEMBI"
"BENEDITO DE QUADROS";"PDS";"103";"5.11";"ANHEMBI"
"LUIZ ROCHEDO GARDIN";"PDS";"913";"58.94";"ANHUMAS"
"PAULO DELATORRE TETE";"PMDB";"464";"29.95";"ANHUMAS"
"LUIZ ROCHEDO GARDIN";"PDS";"913";"58.94";"ANHUMAS"
"PAULO DELATORRE TETE";"PMDB";"464";"29.95";"ANHUMAS"
"ARISTEU VIEIRA VILELA";"PMDB";"4521";"27.67";"APARECIDA"
"LUIZ RIBEIRO DE CASTILHO";"PDS";"3379";"20.68";"APARECIDA"
"MANOEL ALVES NUNES";"PMDB";"3226";"19.74";"APARECIDA"
"JOSE BENEDITO DE MORAES";"PDS";"1994";"12.2";"APARECIDA"
"JOSE NAGIB ASSIS";"PMDB";"848";"5.19";"APARECIDA"
"LUIZ ANTONIO DE MOURA";"PT";"568";"3.48";"APARECIDA"
"BENEDICTO LOURENCO BARBOSA";"PTB";"248";"1.52";"APARECIDA"
"JOSE BENEDITO DA SILVA";"PDT";"58";"0.35";"APARECIDA"
"FRANCISCA CONCEICAO BENTO";"PTB";"58";"0.35";"APARECIDA"
"ARISTEU VIEIRA VILELA";"PMDB";"4521";"27.67";"APARECIDA"
"LUIZ RIBEIRO DE CASTILHO";"PDS";"3379";"20.68";"APARECIDA"
"MANOEL ALVES NUNES";"PMDB";"3226";"19.74";"APARECIDA"
"JOSE BENEDITO DE MORAES";"PDS";"1994";"12.2";"APARECIDA"
"JOSE NAGIB ASSIS";"PMDB";"848";"5.19";"APARECIDA"
"LUIZ ANTONIO DE MOURA";"PT";"568";"3.48";"APARECIDA"
"BENEDICTO LOURENCO BARBOSA";"PTB";"248";"1.52";"APARECIDA"
"JOSE BENEDITO DA SILVA";"PDT";"58";"0.35";"APARECIDA"
"FRANCISCA CONCEICAO BENTO";"PTB";"58";"0.35";"APARECIDA"
"BENEDITO DE OLIVEIRA";"PMDB";"919";"30.7";"APARECIDA D'OESTE"
"VALDOMIRO ROSSI";"PDS";"884";"29.54";"APARECIDA D'OESTE"
"MARIO RODRIGUES DE SANTANA";"PDS";"664";"22.19";"APARECIDA D'OESTE"
"PEDRO BOAVENTURA PINTO";"PMDB";"366";"12.23";"APARECIDA D'OESTE"
"HILARIO BOLOGNIN";"PDS";"13";"0.43";"APARECIDA D'OESTE"
"BENEDITO DE OLIVEIRA";"PMDB";"919";"30.7";"APARECIDA D'OESTE"
"VALDOMIRO ROSSI";"PDS";"884";"29.54";"APARECIDA D'OESTE"
"MARIO RODRIGUES DE SANTANA";"PDS";"664";"22.19";"APARECIDA D'OESTE"
"PEDRO BOAVENTURA PINTO";"PMDB";"366";"12.23";"APARECIDA D'OESTE"
"HILARIO BOLOGNIN";"PDS";"13";"0.43";"APARECIDA D'OESTE"
"NILTON PASSOCA DE TOLEDO SILVA";"PMDB";"3548";"34.38";"APIAI"
"JOSE COELHO";"PDS";"2412";"23.37";"APIAI"
"ANTONIO DIMPINO PONTES";"PDS";"1760";"17.06";"APIAI"
"JOAO BENEDICTO BARBOSA";"PMDB";"1755";"17.01";"APIAI"
"NILTON PASSOCA DE TOLEDO SILVA";"PMDB";"3548";"34.38";"APIAI"
"JOSE COELHO";"PDS";"2412";"23.37";"APIAI"
"ANTONIO DIMPINO PONTES";"PDS";"1760";"17.06";"APIAI"
"JOAO BENEDICTO BARBOSA";"PMDB";"1755";"17.01";"APIAI"
"SYLVIO JOSE VENTUROLLI";"PDS";"16984";"29.48";"ARACATUBA"
"SIDNEY CINTI";"PMDB";"12280";"21.32";"ARACATUBA"
"VALDIR FELIZOLA DE MORAES";"PMDB";"10773";"18.7";"ARACATUBA"
"JOAO JORGE REZEK";"PMDB";"10123";"17.57";"ARACATUBA"
"PERCY SAMPAIO CAMARGO";"PT";"1584";"2.75";"ARACATUBA"
"SYLVIO JOSE VENTUROLLI";"PDS";"16984";"29.48";"ARACATUBA"
"SIDNEY CINTI";"PMDB";"12280";"21.32";"ARACATUBA"
"VALDIR FELIZOLA DE MORAES";"PMDB";"10773";"18.7";"ARACATUBA"
"JOAO JORGE REZEK";"PMDB";"10123";"17.57";"ARACATUBA"
"PERCY SAMPAIO CAMARGO";"PT";"1584";"2.75";"ARACATUBA"
"JAIR FERREIRA DUARTE JUNIOR";"PMDB";"2409";"40.38";"ARACOIABA DA SERRA"
"DIRLEI SALAS ORTEGA";"PDS";"1254";"21.02";"ARACOIABA DA SERRA"
"ADEMAR DUARTE";"PMDB";"728";"12.2";"ARACOIABA DA SERRA"
"MARIO EUZEBIO GONCALVES";"PDS";"508";"8.51";"ARACOIABA DA SERRA"
"MAURO ANTUNES PINTO";"PDS";"414";"6.94";"ARACOIABA DA SERRA"
"ABILIO MIRANDA";"PMDB";"32";"0.54";"ARACOIABA DA SERRA"
"JAIR FERREIRA DUARTE JUNIOR";"PMDB";"2409";"40.38";"ARACOIABA DA SERRA"
"DIRLEI SALAS ORTEGA";"PDS";"1254";"21.02";"ARACOIABA DA SERRA"
"ADEMAR DUARTE";"PMDB";"728";"12.2";"ARACOIABA DA SERRA"
"MARIO EUZEBIO GONCALVES";"PDS";"508";"8.51";"ARACOIABA DA SERRA"
"MAURO ANTUNES PINTO";"PDS";"414";"6.94";"ARACOIABA DA SERRA"
"ABILIO MIRANDA";"PMDB";"32";"0.54";"ARACOIABA DA SERRA"
"NATAL ABADIO DE LACERDA";"PDS";"961";"54.2";"ARAMINA"
"GILBERTO CAGLIARI";"PMDB";"642";"36.21";"ARAMINA"
"NATAL ABADIO DE LACERDA";"PDS";"961";"54.2";"ARAMINA"
"GILBERTO CAGLIARI";"PMDB";"642";"36.21";"ARAMINA"
"APARECIDO GUERSO";"PMDB";"634";"32.51";"ARANDU"
"JOSELYR BENEDITO SILVESTRE";"PDS";"621";"31.85";"ARANDU"
"JOAO BATISTA DEOLIN";"PDS";"382";"19.59";"ARANDU"
"AGENOR PERES SOBRINHO";"PMDB";"190";"9.74";"ARANDU"
"APARECIDO GUERSO";"PMDB";"634";"32.51";"ARANDU"
"JOSELYR BENEDITO SILVESTRE";"PDS";"621";"31.85";"ARANDU"
"JOAO BATISTA DEOLIN";"PDS";"382";"19.59";"ARANDU"
"AGENOR PERES SOBRINHO";"PMDB";"190";"9.74";"ARANDU"
"CLODOALDO MEDINA";"PMDB";"32678";"51.7";"ARARAQUARA"
"RUBENS CRUZ";"PDS";"13200";"20.89";"ARARAQUARA"
"JOAO BOSCO FARIA";"PT";"3846";"6.09";"ARARAQUARA"
"JOAO EVANGELISTA RODRIGUES PRIMIANO";"PTB";"2868";"4.54";"ARARAQUARA"
"ARNALDO IZIQUE CARAMURU";"PTB";"2073";"3.28";"ARARAQUARA"
"MARCELO EDUARDO LOPES";"PDT";"267";"0.42";"ARARAQUARA"
"CLODOALDO MEDINA";"PMDB";"32678";"51.7";"ARARAQUARA"
"RUBENS CRUZ";"PDS";"13200";"20.89";"ARARAQUARA"
"JOAO BOSCO FARIA";"PT";"3846";"6.09";"ARARAQUARA"
"JOAO EVANGELISTA RODRIGUES PRIMIANO";"PTB";"2868";"4.54";"ARARAQUARA"
"ARNALDO IZIQUE CARAMURU";"PTB";"2073";"3.28";"ARARAQUARA"
"MARCELO EDUARDO LOPES";"PDT";"267";"0.42";"ARARAQUARA"
"MILTON SEVERINO";"PMDB";"13743";"41.82";"ARARAS"
"JAIR DELLA COLETTA";"PDS";"9853";"29.98";"ARARAS"
"JOSE CARLOS MARTINI";"PDS";"2985";"9.08";"ARARAS"
"JORGE ROBERTO VIEIRA AGUIAR";"PT";"2229";"6.78";"ARARAS"
"MILTON SEVERINO";"PMDB";"13743";"41.82";"ARARAS"
"JAIR DELLA COLETTA";"PDS";"9853";"29.98";"ARARAS"
"JOSE CARLOS MARTINI";"PDS";"2985";"9.08";"ARARAS"
"JORGE ROBERTO VIEIRA AGUIAR";"PT";"2229";"6.78";"ARARAS"
"ABILIO JULIANO NICOLIELO";"PDS";"1692";"49.6";"AREALVA"
"LICIONOR ANVERSA";"PMDB";"932";"27.32";"AREALVA"
"JOSE RUIZ";"PMDB";"635";"18.62";"AREALVA"
"ABILIO JULIANO NICOLIELO";"PDS";"1692";"49.6";"AREALVA"
"LICIONOR ANVERSA";"PMDB";"932";"27.32";"AREALVA"
"JOSE RUIZ";"PMDB";"635";"18.62";"AREALVA"
"NELSON LUIZ DA SILVA";"PDS";"509";"35.9";"AREIAS"
"WILLIAN MIRANDA DE OLIVEIRA";"PMDB";"333";"23.48";"AREIAS"
"ANTENOR PINTO DE SOUZA NETO";"PDS";"222";"15.66";"AREIAS"
"THEREZINHA PRUDENTE FERREIRA LEITE";"PTB";"98";"6.91";"AREIAS"
"NILTON PINTO COSTA";"PMDB";"88";"6.21";"AREIAS"
"BENEDITO DE OLIVEIRA RAMOS";"PDS";"54";"3.81";"AREIAS"
"NELSON LUIZ DA SILVA";"PDS";"509";"35.9";"AREIAS"
"WILLIAN MIRANDA DE OLIVEIRA";"PMDB";"333";"23.48";"AREIAS"
"ANTENOR PINTO DE SOUZA NETO";"PDS";"222";"15.66";"AREIAS"
"THEREZINHA PRUDENTE FERREIRA LEITE";"PTB";"98";"6.91";"AREIAS"
"NILTON PINTO COSTA";"PMDB";"88";"6.21";"AREIAS"
"BENEDITO DE OLIVEIRA RAMOS";"PDS";"54";"3.81";"AREIAS"
"JOAO BATISTA DOS SANTOS";"PDS";"1101";"43.23";"AREIOPOLIS"
"HELIO RAMOS DE OLIVEIRA";"PDS";"510";"20.02";"AREIOPOLIS"
"BENEDITO PETRIN";"PTB";"91";"3.57";"AREIOPOLIS"
"JOAO BATISTA DOS SANTOS";"PDS";"1101";"43.23";"AREIOPOLIS"
"HELIO RAMOS DE OLIVEIRA";"PDS";"510";"20.02";"AREIOPOLIS"
"BENEDITO PETRIN";"PTB";"91";"3.57";"AREIOPOLIS"
"OSWALDO JOAO MOTTA";"PDS";"1226";"41.18";"ARIRANHA"
"APARECIDO GOMES";"PMDB";"983";"33.02";"ARIRANHA"
"NIVALDO ZOLLI";"PDS";"368";"12.36";"ARIRANHA"
"JOSE ABDO SADER";"PMDB";"128";"4.3";"ARIRANHA"
"OSWALDO JOAO MOTTA";"PDS";"1226";"41.18";"ARIRANHA"
"APARECIDO GOMES";"PMDB";"983";"33.02";"ARIRANHA"
"NIVALDO ZOLLI";"PDS";"368";"12.36";"ARIRANHA"
"JOSE ABDO SADER";"PMDB";"128";"4.3";"ARIRANHA"
"CLAUDIO ALVES DE MENEZES";"PMDB";"3285";"41.55";"ARTUR NOGUEIRA"
"DOUGLAS DEL\'ALAMO";"PDS";"2574";"32.56";"ARTUR NOGUEIRA"
"MARIANO APARECIDO FRANCO DE OLIVEIRA";"PMDB";"842";"10.65";"ARTUR NOGUEIRA"
"JOSE AMAZILIO TERESANI";"PDS";"561";"7.1";"ARTUR NOGUEIRA"
"CLAUDIO ALVES DE MENEZES";"PMDB";"3285";"41.55";"ARTUR NOGUEIRA"
"DOUGLAS DEL\'ALAMO";"PDS";"2574";"32.56";"ARTUR NOGUEIRA"
"MARIANO APARECIDO FRANCO DE OLIVEIRA";"PMDB";"842";"10.65";"ARTUR NOGUEIRA"
"JOSE AMAZILIO TERESANI";"PDS";"561";"7.1";"ARTUR NOGUEIRA"
"GERALDO BARBOSA DE ALMEIDA";"PMDB";"3702";"39.7";"ARUJA"
"ANTONIO CARLOS MENDONCA";"PDS";"2921";"31.32";"ARUJA"
"ELI DINIZ";"PDS";"605";"6.49";"ARUJA"
"JANUARIO ANUNZIATO";"PDS";"414";"4.44";"ARUJA"
"ELITO CARLOS DE JESUS";"PT";"239";"2.56";"ARUJA"
"LUIZ ANTONIO TOSATO";"PDT";"106";"1.14";"ARUJA"
"JOAO CARAJILEASCOV NETO";"PMDB";"102";"1.09";"ARUJA"
"LADISLAU DE ROSSI";"PDT";"73";"0.78";"ARUJA"
"GERALDO BARBOSA DE ALMEIDA";"PMDB";"3702";"39.7";"ARUJA"
"ANTONIO CARLOS MENDONCA";"PDS";"2921";"31.32";"ARUJA"
"ELI DINIZ";"PDS";"605";"6.49";"ARUJA"
"JANUARIO ANUNZIATO";"PDS";"414";"4.44";"ARUJA"
"ELITO CARLOS DE JESUS";"PT";"239";"2.56";"ARUJA"
"LUIZ ANTONIO TOSATO";"PDT";"106";"1.14";"ARUJA"
"JOAO CARAJILEASCOV NETO";"PMDB";"102";"1.09";"ARUJA"
"LADISLAU DE ROSSI";"PDT";"73";"0.78";"ARUJA"
"SANTILLI SOBRINHO";"PMDB";"11406";"35.65";"ASSIS"
"VALCIR CORONADO ANTUNES";"PDS";"10617";"33.18";"ASSIS"
"ABILIO NOGUEIRA DUARTE";"PMDB";"5011";"15.66";"ASSIS"
"CARLOS PINHEIRO";"PMDB";"1092";"3.41";"ASSIS"
"ALBERTO DA CRUZ GALLO";"PTB";"1038";"3.24";"ASSIS"
"SIDNEI BARBOSA";"PT";"587";"1.83";"ASSIS"
"SANTILLI SOBRINHO";"PMDB";"11406";"35.65";"ASSIS"
"VALCIR CORONADO ANTUNES";"PDS";"10617";"33.18";"ASSIS"
"ABILIO NOGUEIRA DUARTE";"PMDB";"5011";"15.66";"ASSIS"
"CARLOS PINHEIRO";"PMDB";"1092";"3.41";"ASSIS"
"ALBERTO DA CRUZ GALLO";"PTB";"1038";"3.24";"ASSIS"
"SIDNEI BARBOSA";"PT";"587";"1.83";"ASSIS"
"GILBERTO SANTANNA";"PMDB";"7376";"31.1";"ATIBAIA"
"JOSE APARECIDO FERREIRA FRANCO";"PDS";"4726";"19.93";"ATIBAIA"
"JOSE EULER SOARES GUZZI";"PMDB";"2416";"10.19";"ATIBAIA"
"FLAVIO CALLEGARI";"PDS";"2249";"9.48";"ATIBAIA"
"NAGIB SALLES";"PMDB";"1686";"7.11";"ATIBAIA"
"APARICIO PENTEADO JUNIOR";"PDS";"1302";"5.49";"ATIBAIA"
"ALFREDO SANT\'ANNA JUNIOR";"PT";"868";"3.66";"ATIBAIA"
"ANTONIO SALVADOR BRANDAO";"PDT";"57";"0.24";"ATIBAIA"
"GILBERTO SANTANNA";"PMDB";"7376";"31.1";"ATIBAIA"
"JOSE APARECIDO FERREIRA FRANCO";"PDS";"4726";"19.93";"ATIBAIA"
"JOSE EULER SOARES GUZZI";"PMDB";"2416";"10.19";"ATIBAIA"
"FLAVIO CALLEGARI";"PDS";"2249";"9.48";"ATIBAIA"
"NAGIB SALLES";"PMDB";"1686";"7.11";"ATIBAIA"
"APARICIO PENTEADO JUNIOR";"PDS";"1302";"5.49";"ATIBAIA"
"ALFREDO SANT\'ANNA JUNIOR";"PT";"868";"3.66";"ATIBAIA"
"ANTONIO SALVADOR BRANDAO";"PDT";"57";"0.24";"ATIBAIA"
"PEDRO MATARESIO";"PMDB";"3479";"52.39";"AURIFLAMA"
"ADELINO DILA MARTINS DA SILVA";"PDS";"1299";"19.56";"AURIFLAMA"
"SYNESIO ALVES DE LIMA";"PDS";"1039";"15.65";"AURIFLAMA"
"AGUINALDO WEDEKIN";"PMDB";"540";"8.13";"AURIFLAMA"
"JURANDIR ANGELI";"PMDB";"0";"0";"AURIFLAMA"
"PEDRO MATARESIO";"PMDB";"3479";"52.39";"AURIFLAMA"
"ADELINO DILA MARTINS DA SILVA";"PDS";"1299";"19.56";"AURIFLAMA"
"SYNESIO ALVES DE LIMA";"PDS";"1039";"15.65";"AURIFLAMA"
"AGUINALDO WEDEKIN";"PMDB";"540";"8.13";"AURIFLAMA"
"JURANDIR ANGELI";"PMDB";"0";"0";"AURIFLAMA"
"ANTONIO FARIA NETO";"PMDB";"553";"29.86";"AVAI"
"OSWALDO EDMUNDO PASCHOAL";"PDS";"473";"25.54";"AVAI"
"DAVID BELISARIO";"PMDB";"346";"18.68";"AVAI"
"LEANDRO GAIOTE";"PDS";"149";"8.05";"AVAI"
"MANOEL RODRIGUES";"PMDB";"120";"6.48";"AVAI"
"ANTONIO FARIA NETO";"PMDB";"553";"29.86";"AVAI"
"OSWALDO EDMUNDO PASCHOAL";"PDS";"473";"25.54";"AVAI"
"DAVID BELISARIO";"PMDB";"346";"18.68";"AVAI"
"LEANDRO GAIOTE";"PDS";"149";"8.05";"AVAI"
"MANOEL RODRIGUES";"PMDB";"120";"6.48";"AVAI"
"RICARDO JORGE";"PDS";"1946";"64.57";"AVANHANDAVA"
"UMBERTO NANI RINALDI";"PMDB";"771";"25.58";"AVANHANDAVA"
"OLAVO FORNAZARI";"PMDB";"124";"4.11";"AVANHANDAVA"
"RICARDO JORGE";"PDS";"1946";"64.57";"AVANHANDAVA"
"UMBERTO NANI RINALDI";"PMDB";"771";"25.58";"AVANHANDAVA"
"OLAVO FORNAZARI";"PMDB";"124";"4.11";"AVANHANDAVA"
"PAULO DIAS NOVAES";"PMDB";"13178";"59.6";"AVARE"
"ARISTIDES GUERRA AGUIAR";"PDS";"3320";"15.02";"AVARE"
"JOAQUIM NEGRAO";"PDS";"2008";"9.08";"AVARE"
"PEDRO DE OLIVEIRA";"PMDB";"641";"2.9";"AVARE"
"ORLANDO CONTRUCCI";"PT";"617";"2.79";"AVARE"
"ANTONIO PRANZETTI";"PTB";"502";"2.27";"AVARE"
"JOAO BAPTISTA DE ANDRADE";"PDS";"8";"0.04";"AVARE"
"PAULO DIAS NOVAES";"PMDB";"13178";"59.6";"AVARE"
"ARISTIDES GUERRA AGUIAR";"PDS";"3320";"15.02";"AVARE"
"JOAQUIM NEGRAO";"PDS";"2008";"9.08";"AVARE"
"PEDRO DE OLIVEIRA";"PMDB";"641";"2.9";"AVARE"
"ORLANDO CONTRUCCI";"PT";"617";"2.79";"AVARE"
"ANTONIO PRANZETTI";"PTB";"502";"2.27";"AVARE"
"JOAO BAPTISTA DE ANDRADE";"PDS";"8";"0.04";"AVARE"
"JACYRO PEDRO VAZ";"PDS";"1253";"56.26";"BADY BASSITT"
"SIDNEY FLORIANO";"PMDB";"618";"27.75";"BADY BASSITT"
"SEBASTIAO NARDIM";"PMDB";"213";"9.56";"BADY BASSITT"
"JACYRO PEDRO VAZ";"PDS";"1253";"56.26";"BADY BASSITT"
"SIDNEY FLORIANO";"PMDB";"618";"27.75";"BADY BASSITT"
"SEBASTIAO NARDIM";"PMDB";"213";"9.56";"BADY BASSITT"
"ARCIRIO RIGOTTO";"PDS";"316";"53.38";"BALBINOS"
"RUBENS GARBELINI";"PDS";"246";"41.55";"BALBINOS"
"ARCIRIO RIGOTTO";"PDS";"316";"53.38";"BALBINOS"
"RUBENS GARBELINI";"PDS";"246";"41.55";"BALBINOS"
"LUIZ STEQUE RODRIGUES";"PMDB";"1710";"56.53";"BALSAMO"
"JESUS SOLER RODRIGUES";"PDS";"1152";"38.08";"BALSAMO"
"LUIZ STEQUE RODRIGUES";"PMDB";"1710";"56.53";"BALSAMO"
"JESUS SOLER RODRIGUES";"PDS";"1152";"38.08";"BALSAMO"
"SEBASTIAO DINIZ DE MORAIS";"PMDB";"2524";"43.08";"BANANAL"
"LUIZ DE OLIVEIRA";"PDS";"1311";"22.38";"BANANAL"
"GERALDO DE OLIVEIRA RAMOS";"PDS";"803";"13.71";"BANANAL"
"EDNALDO ELIAS MENDES LEAL";"PMDB";"323";"5.51";"BANANAL"
"ERNESTO DOS SANTOS NOGUEIRA";"PDS";"307";"5.24";"BANANAL"
"ANTONIA VALIANTE MONTEIRO";"PMDB";"185";"3.16";"BANANAL"
"SEBASTIAO DINIZ DE MORAIS";"PMDB";"2524";"43.08";"BANANAL"
"LUIZ DE OLIVEIRA";"PDS";"1311";"22.38";"BANANAL"
"GERALDO DE OLIVEIRA RAMOS";"PDS";"803";"13.71";"BANANAL"
"EDNALDO ELIAS MENDES LEAL";"PMDB";"323";"5.51";"BANANAL"
"ERNESTO DOS SANTOS NOGUEIRA";"PDS";"307";"5.24";"BANANAL"
"ANTONIA VALIANTE MONTEIRO";"PMDB";"185";"3.16";"BANANAL"
"VICENTE JOSE FURTADO";"PMDB";"918";"49.49";"BARAO DE ANTONINA"
"JOSE GONZAGA LEITE";"PDS";"837";"45.12";"BARAO DE ANTONINA"
"VICENTE JOSE FURTADO";"PMDB";"918";"49.49";"BARAO DE ANTONINA"
"JOSE GONZAGA LEITE";"PDS";"837";"45.12";"BARAO DE ANTONINA"
"WASHINGTON LUIZ DE CARVALHO";"PMDB";"873";"33.84";"BARBOSA"
"FAUSTO APARECIDO CASAROTI";"PDS";"487";"18.88";"BARBOSA"
"ELCIO JACOB OQUIUTE";"PDS";"402";"15.58";"BARBOSA"
"JOSE DIAS DE ANDRADE";"PDS";"277";"10.74";"BARBOSA"
"ANIZIO GARCIA";"PMDB";"210";"8.14";"BARBOSA"
"OSVALDO CUBAS SIQUEIRA";"PMDB";"208";"8.06";"BARBOSA"
"WASHINGTON LUIZ DE CARVALHO";"PMDB";"873";"33.84";"BARBOSA"
"FAUSTO APARECIDO CASAROTI";"PDS";"487";"18.88";"BARBOSA"
"ELCIO JACOB OQUIUTE";"PDS";"402";"15.58";"BARBOSA"
"JOSE DIAS DE ANDRADE";"PDS";"277";"10.74";"BARBOSA"
"ANIZIO GARCIA";"PMDB";"210";"8.14";"BARBOSA"
"OSVALDO CUBAS SIQUEIRA";"PMDB";"208";"8.06";"BARBOSA"
"JOSE APARECIDO DE ARAUJO";"PDS";"5274";"50.69";"BARIRI"
"FAUZE FARAH";"PMDB";"3342";"32.12";"BARIRI"
"JOSE OMAR GIACONI";"PMDB";"557";"5.35";"BARIRI"
"NELSON DEMETRIO";"PTB";"267";"2.57";"BARIRI"
"SERGIO NICOLA BOLSONI";"PT";"241";"2.32";"BARIRI"
"JOSE APARECIDO DE ARAUJO";"PDS";"5274";"50.69";"BARIRI"
"FAUZE FARAH";"PMDB";"3342";"32.12";"BARIRI"
"JOSE OMAR GIACONI";"PMDB";"557";"5.35";"BARIRI"
"NELSON DEMETRIO";"PTB";"267";"2.57";"BARIRI"
"SERGIO NICOLA BOLSONI";"PT";"241";"2.32";"BARIRI"
"WADY MUCARE";"PMDB";"3886";"31.5";"BARRA BONITA"
"ANTONIO OSVALDO DE LUCA";"PDS";"1948";"15.79";"BARRA BONITA"
"ANTONIO CARLOS USTULIN";"PMDB";"1668";"13.52";"BARRA BONITA"
"LAERCIO STANGHERLIN";"PDS";"1407";"11.4";"BARRA BONITA"
"JOSE ANTONIO FROLLINI";"PMDB";"1356";"10.99";"BARRA BONITA"
"ANTONIO BALDO VIDAL";"PDS";"1031";"8.36";"BARRA BONITA"
"WADY MUCARE";"PMDB";"3886";"31.5";"BARRA BONITA"
"ANTONIO OSVALDO DE LUCA";"PDS";"1948";"15.79";"BARRA BONITA"
"ANTONIO CARLOS USTULIN";"PMDB";"1668";"13.52";"BARRA BONITA"
"LAERCIO STANGHERLIN";"PDS";"1407";"11.4";"BARRA BONITA"
"JOSE ANTONIO FROLLINI";"PMDB";"1356";"10.99";"BARRA BONITA"
"ANTONIO BALDO VIDAL";"PDS";"1031";"8.36";"BARRA BONITA"
"JOAO ALVES CAVALCANTI";"PMDB";"713";"48.08";"BARRA DO TURVO"
"WANDERLEI EVANGELISTA MACHADO";"PDS";"344";"23.2";"BARRA DO TURVO"
"JOAQUIM CARRIEL DE LIMA";"PDS";"175";"11.8";"BARRA DO TURVO"
"MARIO CORADIN";"PDS";"137";"9.24";"BARRA DO TURVO"
"JOAO ALVES CAVALCANTI";"PMDB";"713";"48.08";"BARRA DO TURVO"
"WANDERLEI EVANGELISTA MACHADO";"PDS";"344";"23.2";"BARRA DO TURVO"
"JOAQUIM CARRIEL DE LIMA";"PDS";"175";"11.8";"BARRA DO TURVO"
"MARIO CORADIN";"PDS";"137";"9.24";"BARRA DO TURVO"
"UEBE REZECK";"PMDB";"9608";"27.33";"BARRETOS"
"JOAO BATISTA DA ROCHA";"PMDB";"6461";"18.38";"BARRETOS"
"ARY RIBEIRO DE MENDONCA";"PMDB";"6309";"17.95";"BARRETOS"
"IBRAIM MARTINS DA SILVA";"PDS";"4230";"12.03";"BARRETOS"
"JOSE FALLEIROS DE ALMEIDA";"PDS";"2500";"7.11";"BARRETOS"
"RODOLPHO GUIMARAES SANTOS";"PTB";"1501";"4.27";"BARRETOS"
"HELIO RIBEIRO";"PDS";"1161";"3.3";"BARRETOS"
"MARCO AURELIO CAVIOLA";"PT";"784";"2.23";"BARRETOS"
"RUY FERREIRA";"PTB";"133";"0.38";"BARRETOS"
"UEBE REZECK";"PMDB";"9608";"27.33";"BARRETOS"
"JOAO BATISTA DA ROCHA";"PMDB";"6461";"18.38";"BARRETOS"
"ARY RIBEIRO DE MENDONCA";"PMDB";"6309";"17.95";"BARRETOS"
"IBRAIM MARTINS DA SILVA";"PDS";"4230";"12.03";"BARRETOS"
"JOSE FALLEIROS DE ALMEIDA";"PDS";"2500";"7.11";"BARRETOS"
"RODOLPHO GUIMARAES SANTOS";"PTB";"1501";"4.27";"BARRETOS"
"HELIO RIBEIRO";"PDS";"1161";"3.3";"BARRETOS"
"MARCO AURELIO CAVIOLA";"PT";"784";"2.23";"BARRETOS"
"RUY FERREIRA";"PTB";"133";"0.38";"BARRETOS"
"FUAD AHMED SALEH";"PMDB";"2582";"56.65";"BARRINHA"
"ANTONIO MITUYOSHI KINOSHITA";"PDS";"643";"14.11";"BARRINHA"
"KOITI HIROTANI";"PDS";"299";"6.56";"BARRINHA"
"MISAEL JOSE DOS SANTOS";"PMDB";"222";"4.87";"BARRINHA"
"ORLANDO ZAMBONINI";"PMDB";"199";"4.37";"BARRINHA"
"ARCELIA GONCALVES CARDINALLI";"PDS";"153";"3.36";"BARRINHA"
"FUAD AHMED SALEH";"PMDB";"2582";"56.65";"BARRINHA"
"ANTONIO MITUYOSHI KINOSHITA";"PDS";"643";"14.11";"BARRINHA"
"KOITI HIROTANI";"PDS";"299";"6.56";"BARRINHA"
"MISAEL JOSE DOS SANTOS";"PMDB";"222";"4.87";"BARRINHA"
"ORLANDO ZAMBONINI";"PMDB";"199";"4.37";"BARRINHA"
"ARCELIA GONCALVES CARDINALLI";"PDS";"153";"3.36";"BARRINHA"
"RUBENS FURLAN";"PMDB";"12749";"41.91";"BARUERI"
"ALCIDES MUNHOZ";"PTB";"4373";"14.37";"BARUERI"
"JOSE DO CARMO DE PAULA BRAGA";"PMDB";"3501";"11.51";"BARUERI"
"ERMELINDO MASCHIO";"PTB";"2917";"9.59";"BARUERI"
"EUDAGERO QUINTANILHA";"PDS";"1238";"4.07";"BARUERI"
"LUIZ CARLOS GOMES";"PT";"1232";"4.05";"BARUERI"
"JOSE MARIA BALIEIRO";"PDS";"753";"2.48";"BARUERI"
"IRANY DE ALMEIDA";"PTB";"341";"1.12";"BARUERI"
"CRISPIM ARY DA SILVA PETRELLI";"PDS";"194";"0.64";"BARUERI"
"JOAQUIM SOARES DE FREITAS";"PMDB";"46";"0.15";"BARUERI"
"PEDRO BRAGA FACCIOLI";"PDT";"9";"0.03";"BARUERI"
"ISMAIR DE AZEVEDO";"PDT";"5";"0.02";"BARUERI"
"RUBENS FURLAN";"PMDB";"12749";"41.91";"BARUERI"
"ALCIDES MUNHOZ";"PTB";"4373";"14.37";"BARUERI"
"JOSE DO CARMO DE PAULA BRAGA";"PMDB";"3501";"11.51";"BARUERI"
"ERMELINDO MASCHIO";"PTB";"2917";"9.59";"BARUERI"
"EUDAGERO QUINTANILHA";"PDS";"1238";"4.07";"BARUERI"
"LUIZ CARLOS GOMES";"PT";"1232";"4.05";"BARUERI"
"JOSE MARIA BALIEIRO";"PDS";"753";"2.48";"BARUERI"
"IRANY DE ALMEIDA";"PTB";"341";"1.12";"BARUERI"
"CRISPIM ARY DA SILVA PETRELLI";"PDS";"194";"0.64";"BARUERI"
"JOAQUIM SOARES DE FREITAS";"PMDB";"46";"0.15";"BARUERI"
"PEDRO BRAGA FACCIOLI";"PDT";"9";"0.03";"BARUERI"
"ISMAIR DE AZEVEDO";"PDT";"5";"0.02";"BARUERI"
"TAKEO KIMURA";"PDS";"3424";"47.4";"BASTOS"
"YASUHIKO YAMANAKA";"PDS";"2875";"39.8";"BASTOS"
"VICENTE MITIHIRO ISHIKAWA";"PMDB";"507";"7.02";"BASTOS"
"TAKEO KIMURA";"PDS";"3424";"47.4";"BASTOS"
"YASUHIKO YAMANAKA";"PDS";"2875";"39.8";"BASTOS"
"VICENTE MITIHIRO ISHIKAWA";"PMDB";"507";"7.02";"BASTOS"
"GERALDO MARINHEIRO";"PMDB";"6606";"38.17";"BATATAIS"
"RUBENS DIAS DE MORAIS";"PDS";"6095";"35.22";"BATATAIS"
"JAIRO TOMAZELLA";"PMDB";"1959";"11.32";"BATATAIS"
"JOSE ANTONIO DA SILVA NETO";"PMDB";"1152";"6.66";"BATATAIS"
"GERALDO MARINHEIRO";"PMDB";"6606";"38.17";"BATATAIS"
"RUBENS DIAS DE MORAIS";"PDS";"6095";"35.22";"BATATAIS"
"JAIRO TOMAZELLA";"PMDB";"1959";"11.32";"BATATAIS"
"JOSE ANTONIO DA SILVA NETO";"PMDB";"1152";"6.66";"BATATAIS"
"EDISON BASTOS GASPARINI JUNIOR";"PMDB";"18020";"20.44";"BAURU"
"ARLINDO MARQUES FIGUEIREDO";"PMDB";"14361";"16.29";"BAURU"
"WANDERLEY JOSE FRANCISCO";"PDS";"11792";"13.38";"BAURU"
"INNOCENCIO MEDINA GARCIA";"PDS";"9468";"10.74";"BAURU"
"JOSE CARDOSO NETO";"PMDB";"8861";"10.05";"BAURU"
"NILSON FERREIRA COSTA";"PDS";"5847";"6.63";"BAURU"
"JOSE AUGUSTO VIEIRA DUDU RANIERI";"PTB";"5722";"6.49";"BAURU"
"ANTONIO PINTO";"PT";"2830";"3.21";"BAURU"
"JOSE MARQUES";"PTB";"1172";"1.33";"BAURU"
"JOSE CARLOS ZOTINO";"PTB";"972";"1.1";"BAURU"
"CELIA DOMINGUES";"PDT";"58";"0.07";"BAURU"
"EDISON BASTOS GASPARINI JUNIOR";"PMDB";"18020";"20.44";"BAURU"
"ARLINDO MARQUES FIGUEIREDO";"PMDB";"14361";"16.29";"BAURU"
"WANDERLEY JOSE FRANCISCO";"PDS";"11792";"13.38";"BAURU"
"INNOCENCIO MEDINA GARCIA";"PDS";"9468";"10.74";"BAURU"
"JOSE CARDOSO NETO";"PMDB";"8861";"10.05";"BAURU"
"NILSON FERREIRA COSTA";"PDS";"5847";"6.63";"BAURU"
"JOSE AUGUSTO VIEIRA DUDU RANIERI";"PTB";"5722";"6.49";"BAURU"
"ANTONIO PINTO";"PT";"2830";"3.21";"BAURU"
"JOSE MARQUES";"PTB";"1172";"1.33";"BAURU"
"JOSE CARLOS ZOTINO";"PTB";"972";"1.1";"BAURU"
"CELIA DOMINGUES";"PDT";"58";"0.07";"BAURU"
"SERGIO SESSA STAMATO";"PDS";"9180";"40.99";"BEBEDOURO"
"LAURO STAMATO FILHO";"PMDB";"5558";"24.82";"BEBEDOURO"
"JOAO MOREIRA CASTRO";"PDS";"4376";"19.54";"BEBEDOURO"
"PEDRO PASCHOAL";"PTB";"1686";"7.53";"BEBEDOURO"
"SERGIO SESSA STAMATO";"PDS";"9180";"40.99";"BEBEDOURO"
"LAURO STAMATO FILHO";"PMDB";"5558";"24.82";"BEBEDOURO"
"JOAO MOREIRA CASTRO";"PDS";"4376";"19.54";"BEBEDOURO"
"PEDRO PASCHOAL";"PTB";"1686";"7.53";"BEBEDOURO"
"CEZAR BERTI";"PDS";"576";"50.39";"BENTO DE ABREU"
"SALIM ADIB ESPER";"PDS";"450";"39.37";"BENTO DE ABREU"
"CARLOS ALBERTO VIEIRA DA SILVA";"PMDB";"55";"4.81";"BENTO DE ABREU"
"CEZAR BERTI";"PDS";"576";"50.39";"BENTO DE ABREU"
"SALIM ADIB ESPER";"PDS";"450";"39.37";"BENTO DE ABREU"
"CARLOS ALBERTO VIEIRA DA SILVA";"PMDB";"55";"4.81";"BENTO DE ABREU"
"JAIR RIBEIRO DE ANDRADE";"PMDB";"1354";"28.86";"BERNARDINO DE CAMPOS"
"EDIVALDO ANGELO PACOLA";"PDS";"1164";"24.81";"BERNARDINO DE CAMPOS"
"ANTONIO BALIEGO";"PDS";"885";"18.87";"BERNARDINO DE CAMPOS"
"MOACIR PERES MUNHOZ";"PMDB";"616";"13.13";"BERNARDINO DE CAMPOS"
"ANTONIO MOREIRA";"PDS";"155";"3.3";"BERNARDINO DE CAMPOS"
"JAIR RIBEIRO DE ANDRADE";"PMDB";"1354";"28.86";"BERNARDINO DE CAMPOS"
"EDIVALDO ANGELO PACOLA";"PDS";"1164";"24.81";"BERNARDINO DE CAMPOS"
"ANTONIO BALIEGO";"PDS";"885";"18.87";"BERNARDINO DE CAMPOS"
"MOACIR PERES MUNHOZ";"PMDB";"616";"13.13";"BERNARDINO DE CAMPOS"
"ANTONIO MOREIRA";"PDS";"155";"3.3";"BERNARDINO DE CAMPOS"
"WALDEMAR DOS SANTOS";"PDS";"1759";"56.45";"BILAC"
"ADELINO NOGAROTO";"PMDB";"571";"18.32";"BILAC"
"CARLOS WAGNER PELIZARO";"PMDB";"327";"10.49";"BILAC"
"AUGUSTO RAMOS";"PDS";"264";"8.47";"BILAC"
"WALDEMAR DOS SANTOS";"PDS";"1759";"56.45";"BILAC"
"ADELINO NOGAROTO";"PMDB";"571";"18.32";"BILAC"
"CARLOS WAGNER PELIZARO";"PMDB";"327";"10.49";"BILAC"
"AUGUSTO RAMOS";"PDS";"264";"8.47";"BILAC"
"FLORIVAL CERVELATI";"PMDB";"6910";"29.46";"BIRIGUI"
"ODEIR RAMOS";"PDS";"6881";"29.33";"BIRIGUI"
"FRANCISCO ANTONIO DE LIMA";"PMDB";"3324";"14.17";"BIRIGUI"
"SALVADOR GIAMPIETRO";"PDS";"2709";"11.55";"BIRIGUI"
"ESTEFANO KUYMJIAN";"PT";"906";"3.86";"BIRIGUI"
"FLORIVAL CERVELATI";"PMDB";"6910";"29.46";"BIRIGUI"
"ODEIR RAMOS";"PDS";"6881";"29.33";"BIRIGUI"
"FRANCISCO ANTONIO DE LIMA";"PMDB";"3324";"14.17";"BIRIGUI"
"SALVADOR GIAMPIETRO";"PDS";"2709";"11.55";"BIRIGUI"
"ESTEFANO KUYMJIAN";"PT";"906";"3.86";"BIRIGUI"
"BENEDITO FREITAS";"PDS";"1987";"37.15";"BIRITIBA-MIRIM"
"JOSE OLIVA MELO JUNIOR";"PDS";"1125";"21.03";"BIRITIBA-MIRIM"
"ANTONIO FREITAS PEREIRA";"PMDB";"1076";"20.12";"BIRITIBA-MIRIM"
"JOSE MILTON DA CUNHA";"PDS";"517";"9.67";"BIRITIBA-MIRIM"
"BENEDITO FREITAS";"PDS";"1987";"37.15";"BIRITIBA-MIRIM"
"JOSE OLIVA MELO JUNIOR";"PDS";"1125";"21.03";"BIRITIBA-MIRIM"
"ANTONIO FREITAS PEREIRA";"PMDB";"1076";"20.12";"BIRITIBA-MIRIM"
"JOSE MILTON DA CUNHA";"PDS";"517";"9.67";"BIRITIBA-MIRIM"
"ANTONIO NELSON ROSIM";"PDS";"2043";"53.54";"BOA ESPERANCA DO SUL"
"ANTONIO AGNELO LUCIO FILPI";"PMDB";"1415";"37.08";"BOA ESPERANCA DO SUL"
"ANTONIO NELSON ROSIM";"PDS";"2043";"53.54";"BOA ESPERANCA DO SUL"
"ANTONIO AGNELO LUCIO FILPI";"PMDB";"1415";"37.08";"BOA ESPERANCA DO SUL"
"ALFREDO SORMANI JUNIOR";"PMDB";"1594";"52.28";"BOCAINA"
"BRAZ REYNALDO ARMENTANO";"PDS";"325";"10.66";"BOCAINA"
"JOAO MARCILIO AFFONSO RIBEIRO DO AMARAL";"PT";"284";"9.31";"BOCAINA"
"IZIDORO BACCARIN";"PTB";"249";"8.17";"BOCAINA"
"JOAO REZENDE NETTO";"PDS";"212";"6.95";"BOCAINA"
"SEBASTIAO CARLOS BONELLI";"PDS";"81";"2.66";"BOCAINA"
"ALFREDO SORMANI JUNIOR";"PMDB";"1594";"52.28";"BOCAINA"
"BRAZ REYNALDO ARMENTANO";"PDS";"325";"10.66";"BOCAINA"
"JOAO MARCILIO AFFONSO RIBEIRO DO AMARAL";"PT";"284";"9.31";"BOCAINA"
"IZIDORO BACCARIN";"PTB";"249";"8.17";"BOCAINA"
"JOAO REZENDE NETTO";"PDS";"212";"6.95";"BOCAINA"
"SEBASTIAO CARLOS BONELLI";"PDS";"81";"2.66";"BOCAINA"
"JOSE DE SOUZA ALVES";"PDS";"986";"43.94";"BOFETE"
"ONOFRE LEME MACHADO";"PMDB";"713";"31.77";"BOFETE"
"JOAO BENEDITO DE OLIVEIRA";"PDS";"417";"18.58";"BOFETE"
"JOSE DE SOUZA ALVES";"PDS";"986";"43.94";"BOFETE"
"ONOFRE LEME MACHADO";"PMDB";"713";"31.77";"BOFETE"
"JOAO BENEDITO DE OLIVEIRA";"PDS";"417";"18.58";"BOFETE"
"WANDERLEY FRANCO";"PDS";"2161";"30.31";"BOITUVA"
"OLIMPIO DE ANDRADE";"PTB";"1954";"27.41";"BOITUVA"
"RAFAEL CAETANO DA SILVA";"PTB";"872";"12.23";"BOITUVA"
"SERGIO ANTONIO MARCON";"PMDB";"662";"9.28";"BOITUVA"
"JOSE CARLOS ROSA";"PDS";"643";"9.02";"BOITUVA"
"RAFAEL GIANOTTI";"PMDB";"278";"3.9";"BOITUVA"
"WANDERLEY FRANCO";"PDS";"2161";"30.31";"BOITUVA"
"OLIMPIO DE ANDRADE";"PTB";"1954";"27.41";"BOITUVA"
"RAFAEL CAETANO DA SILVA";"PTB";"872";"12.23";"BOITUVA"
"SERGIO ANTONIO MARCON";"PMDB";"662";"9.28";"BOITUVA"
"JOSE CARLOS ROSA";"PDS";"643";"9.02";"BOITUVA"
"RAFAEL GIANOTTI";"PMDB";"278";"3.9";"BOITUVA"
"IRINEU CORREIA DIAS";"PDS";"857";"25.18";"BOM JESUS DOS PERDOES"
"MARIO DO PRADO";"PDS";"625";"18.36";"BOM JESUS DOS PERDOES"
"ANTONIO RAMOS DE CAMARGO";"PMDB";"593";"17.42";"BOM JESUS DOS PERDOES"
"WALTER AFELTRO";"PMDB";"524";"15.39";"BOM JESUS DOS PERDOES"
"WALDEMAR RAMOS";"PDS";"427";"12.54";"BOM JESUS DOS PERDOES"
"AURELIO DOS SANTOS";"PDT";"14";"0.41";"BOM JESUS DOS PERDOES"
"IRINEU CORREIA DIAS";"PDS";"857";"25.18";"BOM JESUS DOS PERDOES"
"MARIO DO PRADO";"PDS";"625";"18.36";"BOM JESUS DOS PERDOES"
"ANTONIO RAMOS DE CAMARGO";"PMDB";"593";"17.42";"BOM JESUS DOS PERDOES"
"WALTER AFELTRO";"PMDB";"524";"15.39";"BOM JESUS DOS PERDOES"
"WALDEMAR RAMOS";"PDS";"427";"12.54";"BOM JESUS DOS PERDOES"
"AURELIO DOS SANTOS";"PDT";"14";"0.41";"BOM JESUS DOS PERDOES"
"NELSON CELESTINO TEIXEIRA";"PMDB";"236";"48.56";"BORA"
"DURVAL FAVATO";"PDS";"229";"47.12";"BORA"
"NELSON CELESTINO TEIXEIRA";"PMDB";"236";"48.56";"BORA"
"DURVAL FAVATO";"PDS";"229";"47.12";"BORA"
"JOAO SINATURA";"PDS";"618";"46.57";"BORACEIA"
"RENATO RIBEIRO MASSARICO";"PMDB";"593";"44.69";"BORACEIA"
"JOAO SINATURA";"PDS";"618";"46.57";"BORACEIA"
"RENATO RIBEIRO MASSARICO";"PMDB";"593";"44.69";"BORACEIA"
"JOSE CARLOS BIASOTTO";"PMDB";"1464";"29.64";"BORBOREMA"
"UBIRAJARA APARECIDO MARTINS";"PDS";"1143";"23.14";"BORBOREMA"
"RIBAMAR DE SOUZA BATISTA";"PMDB";"868";"17.57";"BORBOREMA"
"EVILASIO DE MARTIN";"PDS";"709";"14.36";"BORBOREMA"
"JULIO BENEDITO CESAR PEGORIN";"PMDB";"367";"7.43";"BORBOREMA"
"MARIN ELISA RAYES";"PDS";"115";"2.33";"BORBOREMA"
"JOSE CARLOS BIASOTTO";"PMDB";"1464";"29.64";"BORBOREMA"
"UBIRAJARA APARECIDO MARTINS";"PDS";"1143";"23.14";"BORBOREMA"
"RIBAMAR DE SOUZA BATISTA";"PMDB";"868";"17.57";"BORBOREMA"
"EVILASIO DE MARTIN";"PDS";"709";"14.36";"BORBOREMA"
"JULIO BENEDITO CESAR PEGORIN";"PMDB";"367";"7.43";"BORBOREMA"
"MARIN ELISA RAYES";"PDS";"115";"2.33";"BORBOREMA"
"ANTONIO JAMIL CURY";"PMDB";"15706";"48.79";"BOTUCATU"
"PLINIO PAGANINI";"PDS";"5741";"17.83";"BOTUCATU"
"MARIO COTRIM SARTOR";"PDS";"2539";"7.89";"BOTUCATU"
"LAIR VICENTE CHIRINEA";"PT";"2375";"7.38";"BOTUCATU"
"VANDERLY PIZZIGATTI MARQUES";"PTB";"1631";"5.07";"BOTUCATU"
"ARMANDO MORAIS DELMANTO";"PMDB";"1139";"3.54";"BOTUCATU"
"ANTONIO JAMIL CURY";"PMDB";"15706";"48.79";"BOTUCATU"
"PLINIO PAGANINI";"PDS";"5741";"17.83";"BOTUCATU"
"MARIO COTRIM SARTOR";"PDS";"2539";"7.89";"BOTUCATU"
"LAIR VICENTE CHIRINEA";"PT";"2375";"7.38";"BOTUCATU"
"VANDERLY PIZZIGATTI MARQUES";"PTB";"1631";"5.07";"BOTUCATU"
"ARMANDO MORAIS DELMANTO";"PMDB";"1139";"3.54";"BOTUCATU"
"JOSE DE LIMA";"PDS";"14494";"42.39";"BRAGANCA PAULISTA"
"NICOLA CORTEZ";"PMDB";"11289";"33.02";"BRAGANCA PAULISTA"
"PEDRO DA SILVA PINTO";"PMDB";"1625";"4.75";"BRAGANCA PAULISTA"
"LUIZ GONZAGA PIRES MATHIAS";"PMDB";"1488";"4.35";"BRAGANCA PAULISTA"
"JOSE DOMINGOS BRANDI";"PTB";"991";"2.9";"BRAGANCA PAULISTA"
"DARCY ALVES DE OLIVEIRA";"PT";"872";"2.55";"BRAGANCA PAULISTA"
"CELIA REGINA LOPES VIEIRA";"PDT";"28";"0.08";"BRAGANCA PAULISTA"
"JOSE DE LIMA";"PDS";"14494";"42.39";"BRAGANCA PAULISTA"
"NICOLA CORTEZ";"PMDB";"11289";"33.02";"BRAGANCA PAULISTA"
"PEDRO DA SILVA PINTO";"PMDB";"1625";"4.75";"BRAGANCA PAULISTA"
"LUIZ GONZAGA PIRES MATHIAS";"PMDB";"1488";"4.35";"BRAGANCA PAULISTA"
"JOSE DOMINGOS BRANDI";"PTB";"991";"2.9";"BRAGANCA PAULISTA"
"DARCY ALVES DE OLIVEIRA";"PT";"872";"2.55";"BRAGANCA PAULISTA"
"CELIA REGINA LOPES VIEIRA";"PDT";"28";"0.08";"BRAGANCA PAULISTA"
"FRANCISCO GUERRERO SIMON";"PMDB";"640";"29.59";"BRAUNA"
"WALDEMAR MAROTTA";"PDS";"574";"26.54";"BRAUNA"
"JOSE ALVES DA SILVA";"PMDB";"407";"18.82";"BRAUNA"
"NEHEMIAS ALVES PEREIRA";"PDS";"304";"14.05";"BRAUNA"
"HAROLDO CORTEZ MORA";"PMDB";"132";"6.1";"BRAUNA"
"FRANCISCO GUERRERO SIMON";"PMDB";"640";"29.59";"BRAUNA"
"WALDEMAR MAROTTA";"PDS";"574";"26.54";"BRAUNA"
"JOSE ALVES DA SILVA";"PMDB";"407";"18.82";"BRAUNA"
"NEHEMIAS ALVES PEREIRA";"PDS";"304";"14.05";"BRAUNA"
"HAROLDO CORTEZ MORA";"PMDB";"132";"6.1";"BRAUNA"
"ANTONIO JOSE FABBRI";"PDS";"2193";"39.62";"BRODOSQUI"
"MARIO FABBRI";"PMDB";"1417";"25.6";"BRODOSQUI"
"AILDO FURLAN";"PMDB";"1355";"24.48";"BRODOSQUI"
"AMANDO MORANDO";"PDS";"111";"2.01";"BRODOSQUI"
"PEDRO SEGATO";"PDS";"98";"1.77";"BRODOSQUI"
"ANTONIO JOSE FABBRI";"PDS";"2193";"39.62";"BRODOSQUI"
"MARIO FABBRI";"PMDB";"1417";"25.6";"BRODOSQUI"
"AILDO FURLAN";"PMDB";"1355";"24.48";"BRODOSQUI"
"AMANDO MORANDO";"PDS";"111";"2.01";"BRODOSQUI"
"PEDRO SEGATO";"PDS";"98";"1.77";"BRODOSQUI"
"PEDRO LUIZ RAGASSI";"PMDB";"2503";"42.58";"BROTAS"
"FREDERICO JOSE DE CAMARGO CARDOSO";"PDS";"1793";"30.5";"BROTAS"
"JOSE NORIVAL DE FRANCISCO";"PDS";"739";"12.57";"BROTAS"
"BERNARDO CALZADO FILHO";"PMDB";"165";"2.81";"BROTAS"
"PEDRO BENEDITO LUCHINI";"PMDB";"103";"1.75";"BROTAS"
"PEDRO LUIZ RAGASSI";"PMDB";"2503";"42.58";"BROTAS"
"FREDERICO JOSE DE CAMARGO CARDOSO";"PDS";"1793";"30.5";"BROTAS"
"JOSE NORIVAL DE FRANCISCO";"PDS";"739";"12.57";"BROTAS"
"BERNARDO CALZADO FILHO";"PMDB";"165";"2.81";"BROTAS"
"PEDRO BENEDITO LUCHINI";"PMDB";"103";"1.75";"BROTAS"
"FRANCISCO LOPES FERREIRA";"PMDB";"1194";"27.46";"BURI"
"JOSE ROBERTO REICHERT";"PMDB";"937";"21.55";"BURI"
"SEBASTIAO VIEIRA DA CRUZ FILHO";"PDS";"771";"17.73";"BURI"
"PAULO ROBERTO FONSECA";"PMDB";"606";"13.94";"BURI"
"AVELINO ANTUNES DA CRUZ";"PDS";"522";"12.01";"BURI"
"JOAO BRAZILIO RAMOS JUNIOR";"PDS";"82";"1.89";"BURI"
"FRANCISCO LOPES FERREIRA";"PMDB";"1194";"27.46";"BURI"
"JOSE ROBERTO REICHERT";"PMDB";"937";"21.55";"BURI"
"SEBASTIAO VIEIRA DA CRUZ FILHO";"PDS";"771";"17.73";"BURI"
"PAULO ROBERTO FONSECA";"PMDB";"606";"13.94";"BURI"
"AVELINO ANTUNES DA CRUZ";"PDS";"522";"12.01";"BURI"
"JOAO BRAZILIO RAMOS JUNIOR";"PDS";"82";"1.89";"BURI"
"IZAIR DOS SANTOS TEIXEIRA";"PMDB";"3005";"56.01";"BURITAMA"
"REALINO FEROLDI";"PDS";"1149";"21.42";"BURITAMA"
"JACINTHO DE OLIVEIRA NETO";"PDS";"958";"17.86";"BURITAMA"
"IZAIR DOS SANTOS TEIXEIRA";"PMDB";"3005";"56.01";"BURITAMA"
"REALINO FEROLDI";"PDS";"1149";"21.42";"BURITAMA"
"JACINTHO DE OLIVEIRA NETO";"PDS";"958";"17.86";"BURITAMA"
"PEDRO SCHIAVOTELO SOBRINHO";"PDS";"914";"59.74";"BURITIZAL"
"FIOD MUSSI";"PMDB";"485";"31.7";"BURITIZAL"
"PEDRO SCHIAVOTELO SOBRINHO";"PDS";"914";"59.74";"BURITIZAL"
"FIOD MUSSI";"PMDB";"485";"31.7";"BURITIZAL"
"NELSON GEBARA";"PDS";"466";"30.86";"CABRALIA PAULISTA"
"JOSE SOARES PEREIRA";"PMDB";"352";"23.31";"CABRALIA PAULISTA"
"LUIZ LOURENCO FILHO";"PMDB";"256";"16.95";"CABRALIA PAULISTA"
"ANTONIO PIMENTEL FILHO";"PDS";"163";"10.79";"CABRALIA PAULISTA"
"CARLOS TEIXEIRA";"PDS";"140";"9.27";"CABRALIA PAULISTA"
"NELSON GEBARA";"PDS";"466";"30.86";"CABRALIA PAULISTA"
"JOSE SOARES PEREIRA";"PMDB";"352";"23.31";"CABRALIA PAULISTA"
"LUIZ LOURENCO FILHO";"PMDB";"256";"16.95";"CABRALIA PAULISTA"
"ANTONIO PIMENTEL FILHO";"PDS";"163";"10.79";"CABRALIA PAULISTA"
"CARLOS TEIXEIRA";"PDS";"140";"9.27";"CABRALIA PAULISTA"
"CLAUDIO ANTONIO GIANNINI";"PDS";"1437";"28.42";"CABREUVA"
"RUBENS DA SILVEIRA CAMARGO";"PDS";"1141";"22.57";"CABREUVA"
"WALDEMAR ALVES DE CAMARGO";"PMDB";"1099";"21.74";"CABREUVA"
"JOAO ZACCHI";"PMDB";"466";"9.22";"CABREUVA"
"ANTONIO ODILON FRANCESCHINI";"PMDB";"377";"7.46";"CABREUVA"
"CLAUDIO ANTONIO GIANNINI";"PDS";"1437";"28.42";"CABREUVA"
"RUBENS DA SILVEIRA CAMARGO";"PDS";"1141";"22.57";"CABREUVA"
"WALDEMAR ALVES DE CAMARGO";"PMDB";"1099";"21.74";"CABREUVA"
"JOAO ZACCHI";"PMDB";"466";"9.22";"CABREUVA"
"ANTONIO ODILON FRANCESCHINI";"PMDB";"377";"7.46";"CABREUVA"
"FRANCISCO ADILSON NATALI";"PMDB";"8371";"38.71";"CACAPAVA"
"EDMIR VIANA DE MOURA";"PMDB";"4058";"18.77";"CACAPAVA"
"LAURENTINO MARCONDES";"PDS";"2521";"11.66";"CACAPAVA"
"VALDEMIR CAVALCANTE";"PT";"1975";"9.13";"CACAPAVA"
"JOSE MARIA LANFREDI";"PDS";"930";"4.3";"CACAPAVA"
"ORLANDO ASSIS BAPTISTA";"PMDB";"815";"3.77";"CACAPAVA"
"LUIZ FERNANDO PAULI";"PDS";"473";"2.19";"CACAPAVA"
"FRANCISCO ADILSON NATALI";"PMDB";"8371";"38.71";"CACAPAVA"
"EDMIR VIANA DE MOURA";"PMDB";"4058";"18.77";"CACAPAVA"
"LAURENTINO MARCONDES";"PDS";"2521";"11.66";"CACAPAVA"
"VALDEMIR CAVALCANTE";"PT";"1975";"9.13";"CACAPAVA"
"JOSE MARIA LANFREDI";"PDS";"930";"4.3";"CACAPAVA"
"ORLANDO ASSIS BAPTISTA";"PMDB";"815";"3.77";"CACAPAVA"
"LUIZ FERNANDO PAULI";"PDS";"473";"2.19";"CACAPAVA"
"ALOISIO VIEIRA";"PDT";"2920";"27.33";"CACHOEIRA PAULISTA"
"MAZZEI DE MENDONCA SATIM";"PMDB";"2286";"21.4";"CACHOEIRA PAULISTA"
"JOSE ALVES DA SILVA";"PDS";"2139";"20.02";"CACHOEIRA PAULISTA"
"ANTONIO BENEDICTO HUMMEL";"PDS";"1163";"10.89";"CACHOEIRA PAULISTA"
"ANA SILVIA PORTO IDEHARA";"PDS";"844";"7.9";"CACHOEIRA PAULISTA"
"NERY VICTORIO";"PMDB";"194";"1.82";"CACHOEIRA PAULISTA"
"FERNANDO DE MOLIERI ROMEIRO";"PDT";"31";"0.29";"CACHOEIRA PAULISTA"
"ALOISIO VIEIRA";"PDT";"2920";"27.33";"CACHOEIRA PAULISTA"
"MAZZEI DE MENDONCA SATIM";"PMDB";"2286";"21.4";"CACHOEIRA PAULISTA"
"JOSE ALVES DA SILVA";"PDS";"2139";"20.02";"CACHOEIRA PAULISTA"
"ANTONIO BENEDICTO HUMMEL";"PDS";"1163";"10.89";"CACHOEIRA PAULISTA"
"ANA SILVIA PORTO IDEHARA";"PDS";"844";"7.9";"CACHOEIRA PAULISTA"
"NERY VICTORIO";"PMDB";"194";"1.82";"CACHOEIRA PAULISTA"
"FERNANDO DE MOLIERI ROMEIRO";"PDT";"31";"0.29";"CACHOEIRA PAULISTA"
